98b8fded-d9ac-6b2f-a33a-6ea3f7906643,重庆市,万州区,500101,9247,1,2019/04/11,loadByCsv
b51f5362-7a31-2091-3411-14d606d7ff67,重庆市,涪陵区,500102,9248,1,2019/04/11,loadByCsv
07b8e519-1407-8dab-1524-4cb5c60f1ec7,重庆市,渝中区,500103,9249,1,2019/04/11,loadByCsv
5dd840ca-c3f5-e0c8-2341-6dd31ec2b489,重庆市,大渡口区,500104,9250,1,2019/04/11,loadByCsv
f23f273d-0b92-2c08-0dbd-fa8bcada06dd,重庆市,江北区,500105,9251,1,2019/04/11,loadByCsv
28022814-2379-eb5e-c6bb-21d48b9c8460,重庆市,沙坪坝区,500106,9252,1,2019/04/11,loadByCsv
c36a765e-4d1f-e5b6-eed3-a12f0bf22449,重庆市,九龙坡区,500107,9253,1,2019/04/11,loadByCsv
504597f2-614e-8b27-d973-4dfec78d69fa,重庆市,南岸区,500108,9254,1,2019/04/11,loadByCsv
101e1115-cbbb-ea65-45cd-a3dfa51f298b,重庆市,北碚区,500109,9255,1,2019/04/11,loadByCsv
3dc9a958-ac8d-d160-f487-29d263ca71a3,重庆市,万盛区,null,9256,1,2019/04/11,loadByCsv
ccb61fb6-1acc-ac0c-f148-095de81ffbe2,重庆市,双桥区,130802,9257,1,2019/04/11,loadByCsv
513e283c-97be-3f59-9640-1f6e781b1d3f,重庆市,渝北区,500112,9258,1,2019/04/11,loadByCsv
16b626a2-c0dc-47fd-a26b-0bcdc24635c5,重庆市,巴南区,500113,9259,1,2019/04/11,loadByCsv
d6cb792d-4f64-41cb-dd8a-0335cfe450b5,重庆市,黔江区,500114,9260,1,2019/04/11,loadByCsv
7af0e4ac-058f-66ff-2d99-cf8178e5d95f,重庆市,长寿区,500115,9261,1,2019/04/11,loadByCsv
fcc205d2-a04f-41ea-0ca7-a42d6c42e2f0,重庆市,江津区,500116,9262,1,2019/04/11,loadByCsv
a998e60a-c68c-6ca9-34b7-f00382f9e45a,重庆市,合川区,500117,9263,1,2019/04/11,loadByCsv
d2a32695-7206-ea6a-5650-395b7280bfe3,重庆市,永川区,500118,9264,1,2019/04/11,loadByCsv
2c288ef1-78e6-91ca-5b1a-d054919197f0,重庆市,南川区,500119,9265,1,2019/04/11,loadByCsv
b73dd1ab-8bf1-3bf1-81e9-35032519a13f,重庆市,綦江县,null,9266,1,2019/04/11,loadByCsv
6435c404-4c90-04f2-4f71-e359f752634a,重庆市,潼南县,null,9267,1,2019/04/11,loadByCsv
c6ba3883-e6d6-caf1-ab41-9b99b0b8b805,重庆市,铜梁县,null,9269,1,2019/04/11,loadByCsv
ff20dbff-f491-9978-0869-59a263cc6253,重庆市,大足县,null,9270,1,2019/04/11,loadByCsv
9002ac7e-2863-d66a-395e-392bfab27556,重庆市,荣昌县,null,9271,1,2019/04/11,loadByCsv
1741600c-ed99-8367-21a9-4e7b7a63ce3c,重庆市,璧山县,null,9272,1,2019/04/11,loadByCsv
c36f0321-5e9a-5fe3-fd93-d9e18a3a5deb,重庆市,梁平县,null,9273,1,2019/04/11,loadByCsv
16507055-e5e3-1467-49bd-df1b89976ac7,重庆市,城口县,500229,9274,1,2019/04/11,loadByCsv
e6125de4-85b4-1c28-a6bf-f78c0cf27735,重庆市,丰都县,500230,9275,1,2019/04/11,loadByCsv
313408f6-5d5b-444d-b176-b61a76bb10b4,重庆市,垫江县,500231,9276,1,2019/04/11,loadByCsv
5e576473-cc32-1f4d-6dd5-7f1277b0c115,重庆市,武隆县,null,9277,1,2019/04/11,loadByCsv
e9ac2d40-56f5-368d-aa0e-1bdabca80cd6,重庆市,忠县,500233,9278,1,2019/04/11,loadByCsv
a3220a17-a6fd-1b66-ca38-7c023585710d,重庆市,开县,null,9279,1,2019/04/11,loadByCsv
a7a0f79b-0777-5fa8-80ed-228c34cdb547,重庆市,云阳县,500235,9280,1,2019/04/11,loadByCsv
31b32d08-8658-111d-bb0e-597dd4fe7025,重庆市,奉节县,500236,9281,1,2019/04/11,loadByCsv
1d575f39-7dcb-1509-ec48-77dfd2f04d15,重庆市,巫山县,500237,9282,1,2019/04/11,loadByCsv
72ee64c7-d1fa-227c-0c09-9669195e3c61,重庆市,巫溪县,500238,9283,1,2019/04/11,loadByCsv
21526707-6da1-c9b3-eeeb-a3387a5b08e1,重庆市,石柱土家族自治县,500240,9284,1,2019/04/11,loadByCsv
1fb8d7c0-9bf7-48c1-721d-1760bab74e9e,重庆市,秀山土家族苗族自治县,500241,9285,1,2019/04/11,loadByCsv
e193d998-6c58-475e-221b-b6c3689794e7,重庆市,酉阳土家族苗族自治县,500242,9286,1,2019/04/11,loadByCsv
30bf8c87-63d9-123c-dacf-eff663919d2f,重庆市,彭水苗族土家族自治县,500243,9287,1,2019/04/11,loadByCsv
6dc44f82-a015-271e-1117-2f7428ce7c15,北京市,东城区,110101,9229,1,2019/04/11,loadByCsv
b9fa4d60-636e-aa23-bb9b-f7157988ef49,北京市,西城区,110102,9230,1,2019/04/11,loadByCsv
02bed4dd-bec0-af47-e113-5383e8f401fc,北京市,崇文区,null,9231,1,2019/04/11,loadByCsv
6435999c-36fe-5eb8-a891-57d5b36a26a7,北京市,宣武区,null,9232,1,2019/04/11,loadByCsv
a7f89c23-3624-994a-278f-22770c20928b,北京市,朝阳区,220104,9233,1,2019/04/11,loadByCsv
1a2bccf7-ac2c-91dc-94df-31ee32cfd4a8,北京市,丰台区,110106,9234,1,2019/04/11,loadByCsv
8806b03c-1ce1-0128-d189-664eb0f7b27b,北京市,石景山区,110107,9235,1,2019/04/11,loadByCsv
7ec44f9d-a99c-6def-eaeb-1737b86c6301,北京市,海淀区,110108,9236,1,2019/04/11,loadByCsv
dea3ea4a-81d0-a6fb-33c1-26efe9602a59,北京市,门头沟区,110109,9237,1,2019/04/11,loadByCsv
5f8c17a1-afa7-0270-0a93-f5ff3d3bc26b,北京市,房山区,110111,9238,1,2019/04/11,loadByCsv
57af1910-f633-3912-f43f-e517308b93ef,北京市,通州区,320612,9239,1,2019/04/11,loadByCsv
6438c94a-011f-bbb4-5f15-5e76b4c5eaaa,北京市,顺义区,110113,9240,1,2019/04/11,loadByCsv
3c395e8f-7059-32be-5fbc-4b5a67ff2842,北京市,昌平区,110114,9241,1,2019/04/11,loadByCsv
88fa12d9-2404-40c3-114e-d1f5d7b8a34b,北京市,大兴区,110115,9242,1,2019/04/11,loadByCsv
105251ed-b9bc-8e83-4503-f6a020789bf1,北京市,怀柔区,110116,9243,1,2019/04/11,loadByCsv
5c3c5c6e-7fe5-8a28-8c48-960313ada2c7,北京市,平谷区,110117,9244,1,2019/04/11,loadByCsv
308813a2-87a8-5a2d-1cc6-b7ef177e7801,北京市,密云县,null,9245,1,2019/04/11,loadByCsv
08d79aa2-1c1f-f02d-c1ad-a52f9ed19e88,北京市,延庆县,null,9246,1,2019/04/11,loadByCsv
b36b32c1-d4d0-030f-8deb-2ce85b3f064a,天津市,和平区,210102,9336,1,2019/04/11,loadByCsv
01daedcb-0805-53c7-1ee4-3c1ce7ed23ad,天津市,河东区,371312,9337,1,2019/04/11,loadByCsv
2a59ab08-4c77-78a1-2905-6e12d9b06f61,天津市,河西区,120103,9338,1,2019/04/11,loadByCsv
2b9ebd98-2dd7-46d7-545f-7f4a4fa0e683,天津市,南开区,120104,9339,1,2019/04/11,loadByCsv
32e6e3a6-eb1e-1262-5b33-5fcb4e6b8b87,天津市,河北区,120105,9340,1,2019/04/11,loadByCsv
a55aab87-0c83-811c-15b8-94304c80e6f1,天津市,红桥区,120106,9341,1,2019/04/11,loadByCsv
f4f60bd1-cf86-4f4f-3a75-1e623582341f,天津市,东丽区,120110,9342,1,2019/04/11,loadByCsv
aa1cfdb0-9f44-fae6-bb29-d83d8c25b61d,天津市,西青区,120111,9343,1,2019/04/11,loadByCsv
4b7d6da6-6e79-2001-d37f-66be2f41c5fe,天津市,津南区,120112,9344,1,2019/04/11,loadByCsv
50892c6a-070a-9ca7-1dc8-883ae820cc52,天津市,北辰区,120113,9345,1,2019/04/11,loadByCsv
c7cb40fd-0ca7-c0df-23e7-76153d5659ad,天津市,武清区,120114,9346,1,2019/04/11,loadByCsv
8a4915db-f696-b3dd-83b6-045352c60ad7,天津市,宝坻区,120115,9347,1,2019/04/11,loadByCsv
387502c3-7190-3f8e-12d8-ee7d92bb7d1b,天津市,滨海新区(*),null,9348,1,2019/04/11,loadByCsv
1fd36bf9-7aed-174a-14a0-74fa426d9557,天津市,宁河县,null,9349,1,2019/04/11,loadByCsv
72f73a82-2f98-d42f-3727-08aa193c6cbb,天津市,静海县,null,9350,1,2019/04/11,loadByCsv
c18883ed-4b4e-56e5-c9be-42b638a05206,天津市,蓟县,null,9351,1,2019/04/11,loadByCsv
a22d24d7-ddb6-6149-f079-d6cb886f829b,河北省,石家庄市,130100,1210,1,2019/04/11,loadByCsv
fa06640c-9237-c736-ccf3-d24a8665cd78,河北省,唐山市,130200,1240,1,2019/04/11,loadByCsv
4f5a977e-d30a-b5dc-7c99-05f6dcd196b4,河北省,秦皇岛市,130300,1260,1,2019/04/11,loadByCsv
fee7d39e-a606-db38-f8b1-5e608415ffd6,河北省,邯郸市,130400,1270,1,2019/04/11,loadByCsv
f6b79d4d-fed2-3867-a327-ae7d3d9d94e1,河北省,邢台市,130500,1310,1,2019/04/11,loadByCsv
a44cbb55-6cce-d124-0c61-4e7926f67834,河北省,保定市,130600,1340,1,2019/04/11,loadByCsv
c44aeed0-6d86-462e-9a72-bb88417d24d0,河北省,张家口市,130700,1380,1,2019/04/11,loadByCsv
aca357b2-461d-2e81-1be8-8eb8b081248c,河北省,承德市,130800,1410,1,2019/04/11,loadByCsv
0acfc096-825c-a4cc-3e2d-c798abe70c20,河北省,沧州市,130900,1430,1,2019/04/11,loadByCsv
4f137deb-58ee-30a0-9fda-3b6195d69040,河北省,廊坊市,131000,1460,1,2019/04/11,loadByCsv
aa8f3f0b-677d-f61c-bc1a-354859ddead9,河北省,衡水市,131100,1480,1,2019/04/11,loadByCsv
e71891c9-acee-3505-9358-0593c14bf4da,山西省,太原市,140100,1610,1,2019/04/11,loadByCsv
ecd89e41-436d-cbe3-d988-ee9ed9f3dbda,山西省,大同市,140200,1620,1,2019/04/11,loadByCsv
f6b6e694-efd5-5cab-3c08-c5bd40e500a1,山西省,阳泉市,140300,1630,1,2019/04/11,loadByCsv
f3b23b66-b578-3b3b-debb-b900591a46cb,山西省,长治市,140400,1640,1,2019/04/11,loadByCsv
64f3e12a-7f51-e42a-fc78-eb60caf8ffda,山西省,晋城市,140500,1680,1,2019/04/11,loadByCsv
8bda2914-90c5-fc5f-70d1-19c1ed024b0c,山西省,朔州市,140600,1690,1,2019/04/11,loadByCsv
6130b19a-bf34-502b-5d52-1d848c798549,山西省,忻州市,140900,1710,1,2019/04/11,loadByCsv
5834b839-e963-1d73-2a55-fc087e31a6f3,山西省,吕梁市,141100,1730,1,2019/04/11,loadByCsv
2001f16e-98e4-34c6-f068-f6e1f471ada8,山西省,晋中市,140700,1750,1,2019/04/11,loadByCsv
1a8b79ef-c216-b3b5-5aae-0c71fb4f7f30,山西省,临汾市,141000,1770,1,2019/04/11,loadByCsv
d8e8c5cd-8568-20cc-dbc5-23dd9ca7ecbc,山西省,运城市,140800,1810,1,2019/04/11,loadByCsv
ff6ba446-6e43-33bc-c61f-4447adb59520,内蒙古,呼和浩特市,150100,1910,1,2019/04/11,loadByCsv
539d78f8-ca51-eaf3-5094-285c2187e700,内蒙古,包头市,150200,1920,1,2019/04/11,loadByCsv
fb44c43f-550f-6477-2955-da9e94893b6e,内蒙古,乌海市,150300,1930,1,2019/04/11,loadByCsv
27f200bf-40a6-4a60-1bae-b93b19c36791,内蒙古,赤峰市,150400,1940,1,2019/04/11,loadByCsv
cc9d805f-ff15-64c3-191b-d78c0e5ab27c,内蒙古,呼伦贝尔市,150700,1960,1,2019/04/11,loadByCsv
7472aae1-05ae-4723-8266-04fa0381d4e2,内蒙古,兴安盟,152200,1980,1,2019/04/11,loadByCsv
05e97fd0-2f1f-22d6-697b-8cf6a2fef323,内蒙古,通辽市,150500,1990,1,2019/04/11,loadByCsv
e881e15c-7aa3-0dab-3289-2082204c6bc7,内蒙古,锡林郭勒盟,152500,2010,1,2019/04/11,loadByCsv
954a1986-a1ae-1d6c-469f-8e60f8d94458,内蒙古,乌兰察布市,150900,2030,1,2019/04/11,loadByCsv
e6f99f1b-243b-84cc-84af-8ae3eefbf9fc,内蒙古,鄂尔多斯市,150600,2050,1,2019/04/11,loadByCsv
e3c1dceb-ce6f-3795-adcb-aee20d075ba6,内蒙古,巴彦淖尔市,150800,2070,1,2019/04/11,loadByCsv
d2eadfd4-9cb7-d159-9e50-fda257283ea5,内蒙古,阿拉善盟,152900,2080,1,2019/04/11,loadByCsv
ad84b3ee-0d37-f910-6e61-828548fdeef7,辽宁省,沈阳市,210100,2210,1,2019/04/11,loadByCsv
6c9e1721-ad18-4e14-6883-d710319f92cd,辽宁省,大连市,210200,2220,1,2019/04/11,loadByCsv
95d57e85-4db0-595e-129d-b30635519390,辽宁省,鞍山市,210300,2230,1,2019/04/11,loadByCsv
ec644561-be07-0416-a0c0-06a9189378be,辽宁省,抚顺市,210400,2240,1,2019/04/11,loadByCsv
cce10b36-b04f-3797-38fe-f581b543089f,辽宁省,本溪市,210500,2250,1,2019/04/11,loadByCsv
898f011e-623c-2e88-682e-02e68e9335dd,辽宁省,丹东市,210600,2260,1,2019/04/11,loadByCsv
ad39220a-8d8d-57ab-d785-9621e81b2399,辽宁省,锦州市,210700,2270,1,2019/04/11,loadByCsv
ecf4437e-a978-0db8-4110-3efc6b900a59,辽宁省,葫芦岛市,211400,2276,1,2019/04/11,loadByCsv
acb50555-30ea-8d94-d099-1ce69e14e4f7,辽宁省,营口市,210800,2280,1,2019/04/11,loadByCsv
0f180ddf-798c-3025-7fb9-5a5dc8843de2,辽宁省,阜新市,210900,2290,1,2019/04/11,loadByCsv
cbd82dd1-519c-ee28-6594-d6a1171d302c,辽宁省,辽阳市,211000,2310,1,2019/04/11,loadByCsv
ea818fbc-cc05-ca88-09e0-01926d7be6cf,辽宁省,盘锦市,211100,2320,1,2019/04/11,loadByCsv
9ff8babd-181c-c39c-8323-dda0e36156f4,辽宁省,铁岭市,211200,2330,1,2019/04/11,loadByCsv
5f6393af-880e-faa2-9375-6b0f79148a02,辽宁省,朝阳市,211300,2340,1,2019/04/11,loadByCsv
c4d24b4c-dc4d-bc0c-81ce-38ba6d1c6322,吉林省,长春市,220100,2410,1,2019/04/11,loadByCsv
0ecdeeec-1215-8329-64d6-c7abf593cb7e,吉林省,吉林市,220200,2420,1,2019/04/11,loadByCsv
02e4901c-ea0a-6aa1-4de8-1a0689bdd100,吉林省,四平市,220300,2430,1,2019/04/11,loadByCsv
426f494d-b41b-d51c-256c-1355ee32cb59,吉林省,辽源市,220400,2440,1,2019/04/11,loadByCsv
65b82ed2-5351-8ea8-0a03-999c17f90824,吉林省,通化市,220500,2450,1,2019/04/11,loadByCsv
3b63b922-6358-0df6-fe04-ab76e0f4282c,吉林省,白山市,220600,2460,1,2019/04/11,loadByCsv
466eebd4-7e67-2816-5805-726c8dafebec,吉林省,白城市,220800,2470,1,2019/04/11,loadByCsv
b21797ab-fcad-788b-6d18-361d75404788,吉林省,延边朝鲜族自治州,222400,2490,1,2019/04/11,loadByCsv
e53f560c-794e-bf4b-11ca-2d1098d1824f,吉林省,松原市,220700,2520,1,2019/04/11,loadByCsv
3d034d5a-0865-d0ac-9c21-2d4be56b279f,黑龙江省,哈尔滨市,230100,2610,1,2019/04/11,loadByCsv
d2fc5204-1a3e-ff12-eb92-b590344c43b0,黑龙江省,齐齐哈尔市,230200,2640,1,2019/04/11,loadByCsv
def4c7f3-2bf2-7fb1-a2e6-1574eaa3d9a5,黑龙江省,大庆市,230600,2650,1,2019/04/11,loadByCsv
78375954-c6a5-1e67-248d-f9c142e4b561,黑龙江省,鸡西市,230300,2660,1,2019/04/11,loadByCsv
a06141e8-67bd-2a93-346d-6ab92b79cf64,黑龙江省,鹤岗市,230400,2670,1,2019/04/11,loadByCsv
ef938d68-9f99-37bc-6e03-a4e471b7b4da,黑龙江省,双鸭山市,230500,2680,1,2019/04/11,loadByCsv
19a315b7-7063-e85c-5215-8008bf9a427f,黑龙江省,佳木斯市,230800,2690,1,2019/04/11,loadByCsv
35202677-a3d0-358c-2187-c892465489fd,黑龙江省,伊春市,230700,2710,1,2019/04/11,loadByCsv
987a6be2-7d58-ed81-1bf0-822704484b90,黑龙江省,牡丹江市,231000,2720,1,2019/04/11,loadByCsv
8284a06e-cb3a-30af-2728-ce5603e00831,黑龙江省,七台河市,230900,2740,1,2019/04/11,loadByCsv
e66c7b06-b6b9-ce61-28b5-fdcda5cd20a2,黑龙江省,绥化市,231200,2760,1,2019/04/11,loadByCsv
8cf63db5-c785-eafc-1e3e-e5ffd5090b17,黑龙江省,黑河市,231100,2780,1,2019/04/11,loadByCsv
674a358a-5d2a-d43c-2600-a03574d82308,黑龙江省,呼玛县,232721,9197,1,2019/04/11,loadByCsv
723b4b30-475c-b08b-73bd-7ec13b556bcc,黑龙江省,塔河县,232722,9198,1,2019/04/11,loadByCsv
44e918b4-8c88-1903-b2cd-15d13bd13f4f,黑龙江省,漠河县,null,9199,1,2019/04/11,loadByCsv
8a86377a-95a5-73cd-fd6a-8f7a4f559427,上海市,徐汇区,310104,9288,1,2019/04/11,loadByCsv
b6b1d224-d155-60b4-4194-b3200c916c43,上海市,长宁区,310105,9289,1,2019/04/11,loadByCsv
de7c8c1e-317d-8126-7f32-4ec584b9696f,上海市,静安区,310106,9290,1,2019/04/11,loadByCsv
1fad6acf-fdc4-cc7d-01cd-c6389d519962,上海市,普陀区,330903,9291,1,2019/04/11,loadByCsv
df4fbfd4-4b2a-0c4c-31c7-bfc4008fce3d,上海市,闸北区,null,9292,1,2019/04/11,loadByCsv
c9fe8f40-1bbd-3b88-9689-63a2fdb63cf6,上海市,卢湾区,null,9293,1,2019/04/11,loadByCsv
c1ed5aba-1cfc-a3f1-9c24-24a3a9ea5886,上海市,虹口区,310109,9294,1,2019/04/11,loadByCsv
7bf8db23-5045-c2bc-b2c4-98903bd9db2c,上海市,杨浦区,310110,9295,1,2019/04/11,loadByCsv
85a9e4ae-bb19-43d1-72bf-78e721c4d8a3,上海市,闵行区,310112,9296,1,2019/04/11,loadByCsv
21e907e9-06a4-a03e-e696-49b386e5deae,上海市,宝山区,310113,9297,1,2019/04/11,loadByCsv
e3e74457-b2c7-40b1-0096-7e1723ca4fb3,上海市,嘉定区,310114,9298,1,2019/04/11,loadByCsv
b45ff4c5-fc7d-8527-e71a-31e292b05b00,上海市,浦东新区,310115,9299,1,2019/04/11,loadByCsv
9b3ce322-d577-9feb-1700-6462cf71848d,上海市,金山区,310116,9300,1,2019/04/11,loadByCsv
cb9bbd67-84b5-c5a9-b0d0-a7695711349b,上海市,松江区,310117,9301,1,2019/04/11,loadByCsv
df6266fe-9add-e016-a256-1b1511ac5541,上海市,青浦区,310118,9332,1,2019/04/11,loadByCsv
0c597c28-5609-dfc1-3ec8-45b6ca793696,上海市,奉贤区,310120,9333,1,2019/04/11,loadByCsv
34a73bd5-35a4-0ba7-5f8b-2feca797a9b9,上海市,崇明县,null,9334,1,2019/04/11,loadByCsv
0048beb5-d52c-138d-ef2d-4be981881ea4,上海市,黄浦区,310101,9335,1,2019/04/11,loadByCsv
1b82d7e7-e95c-636f-0fa5-68a944c6a9b5,江苏省,南京市,320100,3010,1,2019/04/11,loadByCsv
ec45d405-74b5-fbd5-0fef-fcaf5b2c8ceb,江苏省,无锡市,320200,3020,1,2019/04/11,loadByCsv
ae6d15b8-a954-5009-5a51-e00155312f18,江苏省,徐州市,320300,3030,1,2019/04/11,loadByCsv
c52f737a-ac64-eaf1-00d6-5f65502b4cd2,江苏省,常州市,320400,3040,1,2019/04/11,loadByCsv
ada88d82-b3bd-d670-42e1-d5a1ce8b5e1f,江苏省,苏州市,320500,3050,1,2019/04/11,loadByCsv
1e79a4db-95ee-0cde-890b-f3e718230326,江苏省,南通市,320600,3060,1,2019/04/11,loadByCsv
caa61665-1a5d-5bcb-f135-b3f91b3df4a7,江苏省,连云港市,320700,3070,1,2019/04/11,loadByCsv
09d8bbde-4d92-1ae8-9e50-f4e54aafea53,江苏省,淮安市,320800,3080,1,2019/04/11,loadByCsv
1a9107a2-abd8-e675-fe7d-6b4f0a0fa2d7,江苏省,宿迁市,321300,3090,1,2019/04/11,loadByCsv
8f4db421-b936-a293-46fe-f819da275280,江苏省,盐城市,320900,3110,1,2019/04/11,loadByCsv
b109dc33-c63a-9122-a3c1-446f66730f4b,江苏省,扬州市,321000,3120,1,2019/04/11,loadByCsv
b0daa2c1-a87e-aaf3-327c-20ce3047d477,江苏省,泰州市,321200,3128,1,2019/04/11,loadByCsv
a8e6326d-5f91-afd7-2a34-540c0bfedfe9,江苏省,镇江市,321100,3140,1,2019/04/11,loadByCsv
9085d67d-a0ff-e82d-24db-c3aa5a6a07f7,浙江省,杭州市,330100,3310,1,2019/04/11,loadByCsv
e347680d-0900-74a6-9f79-6a25313af039,浙江省,宁波市,330200,3320,1,2019/04/11,loadByCsv
69e23f37-62ce-c4ba-236e-fdc8638c8d47,浙江省,温州市,330300,3330,1,2019/04/11,loadByCsv
2e1a9f8a-5ce6-3613-cbce-54b863376996,浙江省,嘉兴市,330400,3350,1,2019/04/11,loadByCsv
7e38e686-ea88-c069-4f32-e60c82e17f67,浙江省,湖州市,330500,3360,1,2019/04/11,loadByCsv
42c5a7ce-0f06-9340-ecd8-4af0f9cf8ed5,浙江省,绍兴市,330600,3370,1,2019/04/11,loadByCsv
c01e7dbd-1bbc-0631-4cc9-bf03fd42e680,浙江省,金华市,330700,3380,1,2019/04/11,loadByCsv
476d746c-3c0e-a08c-0c9d-323c60616b78,浙江省,衢州市,330800,3410,1,2019/04/11,loadByCsv
cbed2007-7c1a-d5d1-d42a-c3bf857ebed4,浙江省,舟山市,330900,3420,1,2019/04/11,loadByCsv
7ec2b305-369e-a6a8-c293-1236756985d1,浙江省,丽水市,331100,3430,1,2019/04/11,loadByCsv
99cd8e64-c8ba-ac98-fac1-93e33ca6945b,浙江省,台州市,331000,3450,1,2019/04/11,loadByCsv
c7deec2c-f5c5-aa4f-b6f1-e1d646b878d2,安徽省,合肥市,340100,3610,1,2019/04/11,loadByCsv
412f7c56-c098-b395-c498-435da26a4d16,安徽省,芜湖市,340200,3620,1,2019/04/11,loadByCsv
a9576b7c-38d5-670c-8e3e-434482f94034,安徽省,蚌埠市,340300,3630,1,2019/04/11,loadByCsv
5feb4388-d4c7-dc4d-3c06-3bb75393d713,安徽省,淮南市,340400,3640,1,2019/04/11,loadByCsv
2864d4b1-5766-aea6-da0c-b2c4911bf97e,安徽省,马鞍山市,340500,3650,1,2019/04/11,loadByCsv
b057fde0-02fc-c7ef-9dc2-f89e91c8169f,安徽省,淮北市,340600,3660,1,2019/04/11,loadByCsv
674854cc-d258-2cd6-4265-6bdd407f4f22,安徽省,铜陵市,340700,3670,1,2019/04/11,loadByCsv
4003fb27-0f28-34ec-09e4-3447a4ec4c7b,安徽省,安庆市,340800,3680,1,2019/04/11,loadByCsv
43c02447-f69c-433d-5c2e-523c810bf013,安徽省,黄山市,341000,3710,1,2019/04/11,loadByCsv
b844b015-bd41-c2f4-3fff-234666a57e06,安徽省,阜阳市,341200,3720,1,2019/04/11,loadByCsv
d7ecd617-550e-19e3-2cea-e9fe5914a9ab,安徽省,亳州市,341600,3722,1,2019/04/11,loadByCsv
3a897894-da1b-69da-af0c-4303c5fcb3e8,安徽省,宿州市,341300,3740,1,2019/04/11,loadByCsv
89dcb449-a3e9-36a6-9988-a483d8430aa5,安徽省,滁州市,341100,3750,1,2019/04/11,loadByCsv
e251a18a-0be6-450e-06d0-73b6b0b2252e,安徽省,六安市,341500,3760,1,2019/04/11,loadByCsv
917b1093-5e94-1f75-4449-f9e1b26e0740,安徽省,宣城市,341800,3771,1,2019/04/11,loadByCsv
c6b0cf7d-ea51-3b0f-d9d6-7472fc878a3c,安徽省,巢湖市,340181,3781,1,2019/04/11,loadByCsv
c9ede535-ed62-6236-8c85-8a4342de5370,安徽省,池州市,341700,3790,1,2019/04/11,loadByCsv
0f66b294-2b0b-f6ab-3698-b97797386c20,福建省,福州市,350100,3910,1,2019/04/11,loadByCsv
e1b282ec-471e-e6b5-51a0-7078a588c0d9,福建省,厦门市,350200,3930,1,2019/04/11,loadByCsv
f7a8427b-5910-54ab-cd60-6715e5830e5f,福建省,莆田市,350300,3940,1,2019/04/11,loadByCsv
9f0c10e6-af72-002b-6a13-b17aa6f536bb,福建省,三明市,350400,3950,1,2019/04/11,loadByCsv
4530bbd9-fc58-c532-d257-002099b52c63,福建省,泉州市,350500,3970,1,2019/04/11,loadByCsv
840a88ce-44fe-e774-482d-7ecfdd02504f,福建省,漳州市,350600,3990,1,2019/04/11,loadByCsv
0b6b0c1d-f82e-2244-1515-212b1b5d123b,福建省,南平市,350700,4010,1,2019/04/11,loadByCsv
a0965f05-1855-f1ea-dd4d-0e526fea3c1c,福建省,宁德市,350900,4030,1,2019/04/11,loadByCsv
2d21278e-6e39-6a8d-3ecc-e4f083404e6b,福建省,龙岩市,350800,4050,1,2019/04/11,loadByCsv
a179aa72-7f1e-1731-5449-68f490b796f7,江西省,南昌市,360100,4210,1,2019/04/11,loadByCsv
a603d660-a1ef-a68d-3aa7-d7d0518bc7a1,江西省,景德镇市,360200,4220,1,2019/04/11,loadByCsv
f3276191-88a2-97cb-2d71-520bb1d7c582,江西省,萍乡市,360300,4230,1,2019/04/11,loadByCsv
9d30afd4-b47d-001a-e8fc-3cfa2b42265c,江西省,九江市,360400,4240,1,2019/04/11,loadByCsv
2da02bfa-0b11-994c-9fff-41506f84fcb9,江西省,新余市,360500,4260,1,2019/04/11,loadByCsv
53a1bd5c-dbf8-2d24-afe6-3dc147c0c0dd,江西省,鹰谭市,null,4270,1,2019/04/11,loadByCsv
89813633-a873-8b29-3ce1-4eb62a7415fe,江西省,赣州市,360700,4280,1,2019/04/11,loadByCsv
d04c968a-c8a7-4edd-9e2a-305128320922,江西省,宜春市,360900,4310,1,2019/04/11,loadByCsv
b98463e2-6d7b-4eed-3333-a9646b302a25,江西省,上饶市,361100,4330,1,2019/04/11,loadByCsv
dcd887d7-af29-5dc1-d0a9-8e56898ec13d,江西省,吉安市,360800,4350,1,2019/04/11,loadByCsv
ec8f537c-95bf-c9fe-b3c4-2afacf73d543,江西省,抚州市,361000,4370,1,2019/04/11,loadByCsv
f5c79a43-8002-5b51-5179-42a206750631,山东省,济南市,370100,4510,1,2019/04/11,loadByCsv
6275b59d-0115-40f5-059a-77985ea76685,山东省,青岛市,370200,4520,1,2019/04/11,loadByCsv
2d0aa7fb-ae22-e9be-d4b7-5adf2dd01bbf,山东省,淄博市,370300,4530,1,2019/04/11,loadByCsv
c5f5fc4a-b2ac-adcd-8ca7-fa59a926dcf7,山东省,枣庄市,370400,4540,1,2019/04/11,loadByCsv
82f1e702-c3de-41f2-49d5-6bd8c1c0e787,山东省,东营市,370500,4550,1,2019/04/11,loadByCsv
3735348f-2653-3f36-ab4b-53137d14160c,山东省,烟台市,370600,4560,1,2019/04/11,loadByCsv
79fa763e-c838-5b0b-9b90-1a77410a8c33,山东省,潍坊市,370700,4580,1,2019/04/11,loadByCsv
3dd657ab-0700-1d52-5825-9879e5bd3bdf,山东省,济宁市,370800,4610,1,2019/04/11,loadByCsv
8f2d2815-7c56-6993-149b-bde10c5e132b,山东省,泰安市,370900,4630,1,2019/04/11,loadByCsv
c49186ee-45f3-337c-5918-3245dd0a2f15,山东省,莱芜市,null,4634,1,2019/04/11,loadByCsv
4c9ce571-fdf3-a8ee-c41c-e0882bc18791,山东省,威海市,371000,4650,1,2019/04/11,loadByCsv
5321d610-da31-9e0a-f827-10e1890ed057,山东省,滨州市,371600,4660,1,2019/04/11,loadByCsv
120ca5d9-8626-3360-eeb9-b17651a53390,山东省,德州市,371400,4680,1,2019/04/11,loadByCsv
5ac987ad-42b4-7f20-c082-7ad7948d0f9b,山东省,聊城市,371500,4710,1,2019/04/11,loadByCsv
7b32f7d8-9b79-1366-f517-39c6b3e81780,山东省,临沂市,371300,4730,1,2019/04/11,loadByCsv
2f91d030-e591-2f01-5432-50cf26fcdacf,山东省,日照市,371100,4732,1,2019/04/11,loadByCsv
ff47de49-35c8-c450-b241-971412cebb5a,山东省,菏泽市,371700,4750,1,2019/04/11,loadByCsv
adb3a08c-db28-2cf0-3f70-544e94214ce8,河南省,郑州市,410100,4910,1,2019/04/11,loadByCsv
7eb9df0f-6244-127a-6742-cd693933546f,河南省,开封市,410200,4920,1,2019/04/11,loadByCsv
0afff047-76d9-cbcd-61c7-a63e583c3e1a,河南省,洛阳市,410300,4930,1,2019/04/11,loadByCsv
51be48d6-e6bc-684d-9979-257d83689548,河南省,平顶山市,410400,4950,1,2019/04/11,loadByCsv
fd9d91c9-e13f-7af5-93fe-daeb626ceddb,河南省,安阳市,410500,4960,1,2019/04/11,loadByCsv
8cc9eba1-5c6e-2489-ceec-577c9ff2b4a6,河南省,鹤壁市,410600,4970,1,2019/04/11,loadByCsv
355848f5-166a-cf69-4951-b7b9e4e316a3,河南省,新乡市,410700,4980,1,2019/04/11,loadByCsv
0ef47508-60d5-435c-281b-b4007226c356,河南省,焦作市,410800,5010,1,2019/04/11,loadByCsv
34ee7df6-52ec-3686-4705-dd69424482bb,河南省,濮阳市,410900,5020,1,2019/04/11,loadByCsv
866e7273-3871-8fd5-040c-8aafbe682c85,河南省,许昌市,411000,5030,1,2019/04/11,loadByCsv
a0961d5b-4bdd-1809-bb65-e6ef5f33f202,河南省,漯河市,411100,5040,1,2019/04/11,loadByCsv
0ac35efb-66c8-3f17-0deb-dcb1b8a334f2,河南省,三门峡市,411200,5050,1,2019/04/11,loadByCsv
29a145dd-b537-4fe8-cdf1-ec8a7301717c,河南省,商丘市,411400,5060,1,2019/04/11,loadByCsv
88f178c5-d4b7-b116-efc1-53f582cb3ebb,河南省,周口市,411600,5080,1,2019/04/11,loadByCsv
74127f8c-13cc-324f-c2b2-ccd9b9f430bc,河南省,驻马店市,411700,5110,1,2019/04/11,loadByCsv
ebf3e6f2-5c2e-da36-b3fa-3903b1cb2760,河南省,南阳市,411300,5130,1,2019/04/11,loadByCsv
021ab204-697c-32aa-2fbc-443bd379c663,河南省,信阳市,411500,5150,1,2019/04/11,loadByCsv
23833594-a475-1afa-2a96-18fb9f4b744c,湖北省,武汉市,420100,5210,1,2019/04/11,loadByCsv
48f9baa0-db03-08fa-a60e-caeaea25f029,湖北省,黄石市,420200,5220,1,2019/04/11,loadByCsv
91cb5887-3991-a7d7-7e46-9c8f9bdc563d,湖北省,十堰市,420300,5230,1,2019/04/11,loadByCsv
dc5e73b6-abb4-aaf6-08e8-52dc631868c4,湖北省,宜昌市,420500,5260,1,2019/04/11,loadByCsv
97833bc1-1a46-fb25-e8a8-bfa14425f4a1,湖北省,襄阳市,420600,5280,1,2019/04/11,loadByCsv
1ecbdd4e-6c15-d78e-952d-f6d99761e562,湖北省,随州市,421300,5286,1,2019/04/11,loadByCsv
0c6e0a76-5e1b-052e-7853-17c27f4162c5,湖北省,鄂州市,420700,5310,1,2019/04/11,loadByCsv
7238573c-d5e6-ec43-0295-2fc17c51d3d4,湖北省,荆门市,420800,5320,1,2019/04/11,loadByCsv
ac275b17-f065-824f-9cd1-781890bacabe,湖北省,黄冈市,421100,5330,1,2019/04/11,loadByCsv
7af072ec-1151-31ae-9ce7-02a364841063,湖北省,孝感市,420900,5350,1,2019/04/11,loadByCsv
1843cfb8-cabd-4c8a-b768-688b0e792e87,湖北省,咸宁市,421200,5360,1,2019/04/11,loadByCsv
4fe05141-670e-6003-ee26-c29bd23e1581,湖北省,荆州市,421000,5370,1,2019/04/11,loadByCsv
01ded6a2-0f0d-eb1f-1a41-7636d7c6aef9,湖北省,恩施土家族苗族自治州,422800,5410,1,2019/04/11,loadByCsv
bfe60ce9-64c7-69ef-9272-453c98086970,湖北省,仙桃市,429004,9200,1,2019/04/11,loadByCsv
af79ac39-5ec0-f7b8-71bf-59f45f5d433f,湖北省,潜江市,429005,9201,1,2019/04/11,loadByCsv
0ec5744a-ad71-2daa-6935-cf3b84c6042d,湖北省,天门市,429006,9202,1,2019/04/11,loadByCsv
7df88a1b-d8d5-a0fb-dbd5-b7f00c2712c0,湖北省,神农架林区,429021,9203,1,2019/04/11,loadByCsv
2aa2e3c3-1707-014d-326a-e406e14673cf,湖南省,长沙市,430100,5510,1,2019/04/11,loadByCsv
b2ec47b7-7a90-c49d-81a4-1878799b7502,湖南省,株州市,null,5520,1,2019/04/11,loadByCsv
86dcb510-627c-d52d-341d-602be8a5b842,湖南省,湘潭市,430300,5530,1,2019/04/11,loadByCsv
9185efd3-eaa8-acbf-d5f9-d7983dd4b1b2,湖南省,衡阳市,430400,5540,1,2019/04/11,loadByCsv
d25f1f63-6ac8-8e63-8fef-02911d608363,湖南省,邵阳市,430500,5550,1,2019/04/11,loadByCsv
9a934e85-8ff3-492f-4e58-adc54395b735,湖南省,岳阳市,430600,5570,1,2019/04/11,loadByCsv
656b8492-070d-7b0c-2a0b-ad920f156920,湖南省,常德市,430700,5580,1,2019/04/11,loadByCsv
e57b52b8-0bcb-d8f6-2a96-e7066d6576b9,湖南省,张家界市,430800,5590,1,2019/04/11,loadByCsv
cfff2036-8167-b460-e87f-074e1f1c9f20,湖南省,益阳市,430900,5610,1,2019/04/11,loadByCsv
d67d8194-4da5-5d9c-afe7-021dcce9303c,湖南省,娄底市,431300,5620,1,2019/04/11,loadByCsv
cf52e703-4dbb-cb9a-99a6-1dbf903cc6bf,湖南省,郴州市,431000,5630,1,2019/04/11,loadByCsv
cea539ea-9a7f-11bf-be6f-58f174729350,湖南省,永州市,431100,5650,1,2019/04/11,loadByCsv
14286fb0-a3d4-1eb6-a53c-fb42e9eea525,湖南省,怀化市,431200,5670,1,2019/04/11,loadByCsv
d13b0c52-b37b-3605-ca53-4dfd1ff76590,湖南省,湘西土家族苗族自治州,433100,9091,1,2019/04/11,loadByCsv
d21151ab-1d75-fa28-748a-06af1e7d7f76,广东省,汕头市,440500,5860,1,2019/04/11,loadByCsv
a7b9060a-5496-6187-1055-c35c2830b764,广东省,揭阳市,445200,5865,1,2019/04/11,loadByCsv
cf05f5cb-384e-db21-de4c-8920bfd68ea1,广东省,潮州市,445100,5869,1,2019/04/11,loadByCsv
cd8edf50-8565-1e5e-b3c7-f6696bc41a82,广东省,佛山市,440600,5880,1,2019/04/11,loadByCsv
df0d626c-fe61-6627-22df-f2611dab497a,广东省,江门市,440700,5890,1,2019/04/11,loadByCsv
b36f44c0-08b3-4441-e333-d1456b0041d0,广东省,湛江市,440800,5910,1,2019/04/11,loadByCsv
b9494cc3-3e85-4c4f-4917-4c7d1b7cc717,广东省,茂名市,440900,5920,1,2019/04/11,loadByCsv
2fb23623-25d1-3956-509e-431c46e724a7,广东省,肇庆市,441200,5930,1,2019/04/11,loadByCsv
e1d0db7e-ab32-aa25-bf64-8f97247925f0,广东省,云浮市,445300,5937,1,2019/04/11,loadByCsv
46d733e7-e210-8e85-ab1d-dac4caabd5ed,广东省,惠州市,441300,5950,1,2019/04/11,loadByCsv
e10449c3-5d03-066c-1a83-096dd31cce03,广东省,梅州市,441400,5960,1,2019/04/11,loadByCsv
3f37a975-d517-1de2-238a-35958b7722be,广东省,汕尾市,441500,5970,1,2019/04/11,loadByCsv
e72c48a7-1a83-595f-dbcf-d409298d5312,广东省,河源市,441600,5980,1,2019/04/11,loadByCsv
942fa32e-2ae5-134d-f635-eeba4ac869a4,广东省,阳江市,441700,5990,1,2019/04/11,loadByCsv
af9c38af-dffa-8955-b40b-6dee96326986,广东省,清远市,441800,6010,1,2019/04/11,loadByCsv
1d7a9cd8-1d9c-53d9-b088-4f9bb05d49dd,广东省,东莞市,441900,6020,1,2019/04/11,loadByCsv
e020994a-ee6c-7b58-8d91-98d0fdb9affc,广东省,中山市,442000,6030,1,2019/04/11,loadByCsv
32dfef44-a68d-8567-a5eb-7bc0ed81aeb2,广东省,广州市,440100,5810,1,2019/04/11,loadByCsv
697d467b-f356-a871-d20b-771cc070880d,广东省,韶关市,440200,5820,1,2019/04/11,loadByCsv
fe44e144-289c-ac4d-a21a-b0fe012cef52,广东省,深圳市,440300,5840,1,2019/04/11,loadByCsv
f94ff2aa-0acc-e527-6622-884ce926e6f5,广东省,珠海市,440400,5850,1,2019/04/11,loadByCsv
fb18fbb3-b563-93b7-0e10-37c8ae7de00e,广西,南宁市,450100,6110,1,2019/04/11,loadByCsv
d05c1cdd-e39d-9a6c-c0cb-bd2eddff2f31,广西,崇左市,451400,6128,1,2019/04/11,loadByCsv
124a9d02-2ec0-4f7f-7877-c07dd39e4eed,广西,柳州市,450200,6140,1,2019/04/11,loadByCsv
696cd2df-c184-b4e1-cdea-668c01679710,广西,来宾市,451300,6155,1,2019/04/11,loadByCsv
aa2872fd-44ca-13bc-2636-4cd498966246,广西,桂林市,450300,6170,1,2019/04/11,loadByCsv
66aca504-a0de-8fdb-ebf1-f9ead6b50b85,广西,梧州市,450400,6210,1,2019/04/11,loadByCsv
b2eadabe-b3c7-f60f-e2b4-d53e60f82fb3,广西,贺州市,451100,6225,1,2019/04/11,loadByCsv
e9f37b59-a4ba-d944-d805-04df4159760d,广西,北海市,450500,6230,1,2019/04/11,loadByCsv
f5caffb1-3bea-2724-6f57-36e1dd09071d,广西,玉林市,450900,6240,1,2019/04/11,loadByCsv
e93e731a-007a-ba21-db02-e43f6ca0c81a,广西,贵港市,450800,6242,1,2019/04/11,loadByCsv
c8dfd1ef-f3ac-7293-f197-7b6dcd28996a,广西,百色市,451000,6261,1,2019/04/11,loadByCsv
5921861f-10d2-c83a-0aa5-ef90abdb67ea,广西,河池市,451200,6281,1,2019/04/11,loadByCsv
5388b102-e008-c739-3004-b24ab4e4fb95,广西,钦州市,450700,6311,1,2019/04/11,loadByCsv
70ca269c-6854-d341-bd5a-29323fb9d221,广西,防城港市,450600,6330,1,2019/04/11,loadByCsv
868bd36a-e949-9a6e-aa3a-a80790c6fb62,海南省,海口市,460100,6410,1,2019/04/11,loadByCsv
f4a1be84-31c6-db56-5a7c-68a6905b688f,海南省,三亚市,460200,6420,1,2019/04/11,loadByCsv
f66276ee-ba75-0f45-12a6-2b9f846d8fd0,海南省,五指山市,469001,9208,1,2019/04/11,loadByCsv
80006982-a0a8-936c-fc0f-b023068154ea,海南省,琼海市,469002,9209,1,2019/04/11,loadByCsv
d208ed15-cc45-099e-49a8-1114a5e2e95e,海南省,儋州市,460400,9210,1,2019/04/11,loadByCsv
26941333-5a7d-b27d-08f3-144910c4ada1,海南省,文昌市,469005,9211,1,2019/04/11,loadByCsv
32a0887a-897b-4d19-95c7-6d43add796a0,海南省,万宁市,469006,9212,1,2019/04/11,loadByCsv
6b11d14c-8fde-1879-9a34-a9cc4fa6d42f,海南省,东方市,469007,9213,1,2019/04/11,loadByCsv
89495336-0941-eb28-a94b-a694a9c7d62b,海南省,定安县,469021,9214,1,2019/04/11,loadByCsv
0c5c2b0c-bac0-5485-3834-3ed7cd6ac734,海南省,屯昌县,469022,9215,1,2019/04/11,loadByCsv
73bd4ef7-9574-625c-db1a-dac8a2cd56ff,海南省,澄迈县,469023,9216,1,2019/04/11,loadByCsv
fc84361d-8041-c0c4-bdd3-6ece6bd8d248,海南省,临高县,469024,9217,1,2019/04/11,loadByCsv
725ce5eb-1112-4b8c-3fb0-0a96cbef0148,海南省,白沙黎族自治县,469025,9218,1,2019/04/11,loadByCsv
efc8b064-13b8-1b47-fc83-7f5b8f9b696a,海南省,昌江黎族自治县,469026,9219,1,2019/04/11,loadByCsv
239b07fb-c9a0-0e47-354e-f44e4036e07b,海南省,乐东黎族自治县,469027,9220,1,2019/04/11,loadByCsv
8410f156-d294-1a66-4aa7-f18140273631,海南省,陵水黎族自治县,469028,9221,1,2019/04/11,loadByCsv
7d231dc1-3f4d-9085-8636-a1850ab3b97a,海南省,保亭黎族苗族自治县,469029,9222,1,2019/04/11,loadByCsv
bea26285-79b6-d7a3-1717-882d04d3176a,海南省,琼中黎族苗族自治县,469030,9223,1,2019/04/11,loadByCsv
cb80a97f-5af5-9bff-a199-009eb2bb0ebb,海南省,西沙群岛,460321,9224,1,2019/04/11,loadByCsv
3875dc11-5ba4-32c4-95a5-18653c812996,海南省,南沙群岛,460322,9225,1,2019/04/11,loadByCsv
c48639b7-630a-c36b-e77c-3b9f1e0ba83e,海南省,中沙群岛的岛礁及其海域,460323,9226,1,2019/04/11,loadByCsv
3adffb78-131b-9ccf-2f63-688d15a5a6e0,四川省,成都市,510100,6510,1,2019/04/11,loadByCsv
55268bb8-e38d-5669-d27a-3734626baf56,四川省,自贡市,510300,6550,1,2019/04/11,loadByCsv
bf1da448-8d7f-d9f1-c35c-e829e0266614,四川省,攀枝花市,510400,6560,1,2019/04/11,loadByCsv
cb09a85b-3a2b-6a0d-bade-771c978a06ce,四川省,泸州市,510500,6570,1,2019/04/11,loadByCsv
9f80e16e-752c-a5a9-8284-28db242864f7,四川省,德阳市,510600,6580,1,2019/04/11,loadByCsv
1bcf5b6d-5405-6d8f-e2b2-861e3b377e7d,四川省,绵阳市,510700,6590,1,2019/04/11,loadByCsv
9f6cdb48-ea25-ad68-9418-1d18d0ceaaab,四川省,广元市,510800,6610,1,2019/04/11,loadByCsv
2d021f3c-27d0-be06-faaa-9c9087531316,四川省,遂宁市,510900,6620,1,2019/04/11,loadByCsv
1e442119-7ef9-d5bd-a454-1531fc75e0bf,四川省,内江市,511000,6630,1,2019/04/11,loadByCsv
2429f5c8-177f-9ad4-0c52-b857d69034b2,四川省,资阳市,512000,6636,1,2019/04/11,loadByCsv
ef70eaff-adb4-2080-16ce-e938a88520fc,四川省,乐山市,511100,6650,1,2019/04/11,loadByCsv
29c49987-bf0b-11ed-22a8-ec8c89ac3fd6,四川省,眉山市,511400,6652,1,2019/04/11,loadByCsv
06e4e631-4630-8964-2f65-f35b12249271,四川省,宜宾市,511500,6710,1,2019/04/11,loadByCsv
28615d7c-878b-88a6-b7a0-13ff77597fd3,四川省,南充市,511300,6730,1,2019/04/11,loadByCsv
d3aa0bdc-3a56-8d1c-d457-14face37b528,四川省,广安市,511600,6737,1,2019/04/11,loadByCsv
106fdb03-1d0c-3591-2941-2b53840e8b0d,四川省,达州市,511700,6750,1,2019/04/11,loadByCsv
462f06b7-4e1f-4649-951c-027944f2fc03,四川省,巴中市,511900,6758,1,2019/04/11,loadByCsv
7b1c695a-51d8-782c-1bf5-25aae38cc050,四川省,雅安市,511800,6770,1,2019/04/11,loadByCsv
0db97ae0-2f1b-c77e-a4ee-4f263c406acd,四川省,阿坝藏族羌族自治州,513200,6790,1,2019/04/11,loadByCsv
c3b1852b-3982-a14e-74ee-439d532c1740,四川省,甘孜藏族自治州,513300,6810,1,2019/04/11,loadByCsv
b4a6777b-83da-9bb6-7928-ad391f4af770,四川省,凉山彝族自治州,513400,6840,1,2019/04/11,loadByCsv
882352d2-b481-3173-ee01-862ef6945305,贵州省,贵阳市,520100,7010,1,2019/04/11,loadByCsv
b4b33310-45d7-dbb9-bf94-3f4f6ee09546,贵州省,六盘水市,520200,7020,1,2019/04/11,loadByCsv
9591d1cb-c0e0-f75f-ce2d-ede602ea2e49,贵州省,遵义市,520300,7030,1,2019/04/11,loadByCsv
45cd8f7c-e30b-e10f-f9d9-b9b814b863a6,贵州省,安顺市,520400,7110,1,2019/04/11,loadByCsv
58786bac-c754-9360-1441-c45f843265b6,贵州省,毕节市,520500,9040,1,2019/04/11,loadByCsv
2d214f2a-1e6e-cabe-d4fa-5cb5dbc32b2a,贵州省,黔西南布依族苗族自治州,522300,9090,1,2019/04/11,loadByCsv
0d572fdf-b0c9-5a88-522e-3a61349719a3,贵州省,黔东南苗族侗族自治州,522600,9100,1,2019/04/11,loadByCsv
34eca680-b846-d197-0f3a-c6c25b074bc3,贵州省,黔南布依族苗族自治州,522700,9110,1,2019/04/11,loadByCsv
201425da-7f97-2fb6-37d0-0febb98c25f5,贵州省,铜仁地区,null,9130,1,2019/04/11,loadByCsv
c34a132c-a3f2-d425-dc47-7b0f6d29dfea,云南省,昆明市,530100,7310,1,2019/04/11,loadByCsv
58f8aa06-ed05-db17-01d1-6fe28c3f11b1,云南省,昭通市,530600,7340,1,2019/04/11,loadByCsv
ba96c67d-3e1e-657b-893d-e766afde2f41,云南省,曲靖市,530300,7360,1,2019/04/11,loadByCsv
10c8f9e4-e7b8-d8ff-4f36-237e3fb6a670,云南省,楚雄彝族自治州,532300,7380,1,2019/04/11,loadByCsv
9d699b0c-d928-1930-4d38-32f770ccd798,云南省,玉溪市,530400,7410,1,2019/04/11,loadByCsv
5b16af4f-2254-e8d9-1f21-642117992fd1,云南省,红河哈尼族彝族自治州,532500,7430,1,2019/04/11,loadByCsv
28f22d8c-334e-2dae-9aee-2736fcb45bd7,云南省,文山壮族苗族自治州,532600,7450,1,2019/04/11,loadByCsv
0b7990a7-e75a-c049-6a47-8ff85901cfe9,云南省,西双版纳傣族自治州,532800,7490,1,2019/04/11,loadByCsv
25112731-c65a-ef09-8bc4-942ad192a476,云南省,大理白族自治州,532900,7510,1,2019/04/11,loadByCsv
45f38587-e1ef-69b8-ca2a-a288b0f6c261,云南省,保山市,530500,7530,1,2019/04/11,loadByCsv
712deaf8-49a3-efe1-bb55-ddde196de43f,云南省,德宏傣族景颇族自治州,533100,7540,1,2019/04/11,loadByCsv
7ddc81bc-6db5-9140-3edd-9f665e6cf8ab,云南省,丽江市,530700,7550,1,2019/04/11,loadByCsv
b973f6ae-5ad4-4218-b12d-1f7282f820b3,云南省,怒江傈僳族自治州,533300,7560,1,2019/04/11,loadByCsv
6a5c00c5-5ffa-03fd-bb6f-6cc31ca85fb1,云南省,迪庆藏族自治州,533400,7570,1,2019/04/11,loadByCsv
1b91b2fb-ab4f-79d9-bd24-d8f3a685396b,云南省,临沧市,530900,7580,1,2019/04/11,loadByCsv
a139d649-f7c7-5626-ffee-4aa8f200125d,云南省,普洱市,530800,9050,1,2019/04/11,loadByCsv
ab82bddd-60b5-54ac-0038-358ebfedf20a,西藏,拉萨市,540100,7700,1,2019/04/11,loadByCsv
c64a7c1e-52b8-1420-2e48-5ca9aec80fec,西藏,昌都地区,null,9140,1,2019/04/11,loadByCsv
7c356b26-bb51-1ba3-382d-807a79b8f80a,西藏,山南地区,null,9150,1,2019/04/11,loadByCsv
768be38e-be88-c562-a248-8f08992d49e7,西藏,日喀则地区,null,9160,1,2019/04/11,loadByCsv
c95ef030-47ce-1adc-f128-ee366846691a,西藏,那曲地区,null,9170,1,2019/04/11,loadByCsv
0e0c2eb1-0188-e3ce-54af-98c5742bbbb2,西藏,阿里地区,542500,9180,1,2019/04/11,loadByCsv
137b6731-b4b9-e9b0-f3ef-20936e06c872,西藏,林芝地区,null,9190,1,2019/04/11,loadByCsv
2e865493-029e-7890-432d-18d61dbbf394,陕西省,西安市,610100,7910,1,2019/04/11,loadByCsv
2dafa3db-343e-2eb8-bc6a-919861c03202,陕西省,铜川市,610200,7920,1,2019/04/11,loadByCsv
35e72036-bee4-b43d-9589-4ce6cf5d8750,陕西省,宝鸡市,610300,7930,1,2019/04/11,loadByCsv
c770e7ce-7103-58a8-5ec9-ba1a20beea23,陕西省,咸阳市,610400,7950,1,2019/04/11,loadByCsv
aaecee9e-9c8d-72af-09cd-b18730949641,陕西省,渭南市,610500,7970,1,2019/04/11,loadByCsv
9d2e488f-9815-7fad-2b24-cdd52d136e4e,陕西省,汉中市,610700,7990,1,2019/04/11,loadByCsv
ba3751f7-6301-8474-6fc9-547f2f48df52,陕西省,安康市,610900,8010,1,2019/04/11,loadByCsv
7959e38b-1357-4cf1-ee84-acb67b582e10,陕西省,商洛市,611000,8030,1,2019/04/11,loadByCsv
35ee532c-8ab2-0b93-4043-3a20a9adc339,陕西省,延安市,610600,8040,1,2019/04/11,loadByCsv
7e6faffc-f185-ff4f-b9f1-ddd860402a9a,陕西省,榆林市,610800,8060,1,2019/04/11,loadByCsv
e19b1a19-eeb8-de75-82fe-6c7c8d4d6658,甘肃省,兰州市,620100,8210,1,2019/04/11,loadByCsv
659b9589-ed79-9e60-dd6f-839e0f6da1c2,甘肃省,嘉峪关市,620200,8220,1,2019/04/11,loadByCsv
e15f5a89-011c-9d90-e81f-bdd68d8db8ea,甘肃省,金昌市,620300,8230,1,2019/04/11,loadByCsv
a9187a1c-b8f8-0051-28b1-1e72d04e4f9f,甘肃省,白银市,620400,8240,1,2019/04/11,loadByCsv
d893439a-8c92-12fe-3ad9-20836b6ad785,甘肃省,天水市,620500,8250,1,2019/04/11,loadByCsv
faf43522-ef6d-ed8d-aadf-c63518614804,甘肃省,酒泉市,620900,8260,1,2019/04/11,loadByCsv
105410bd-fc4f-8771-e2bb-3fc9f9d81aaa,甘肃省,张掖市,620700,8270,1,2019/04/11,loadByCsv
2eec794a-1a3c-a4fc-cd95-6c9afffc7352,甘肃省,武威市,620600,8280,1,2019/04/11,loadByCsv
b58b0290-9b09-bfe4-2201-01a26a7f2895,甘肃省,定西市,621100,8290,1,2019/04/11,loadByCsv
e37fa12d-9b10-4b35-8d5f-2758eaa26209,甘肃省,陇南市,621200,8310,1,2019/04/11,loadByCsv
c5106d05-7a66-0689-617e-cc72163dcf63,甘肃省,平凉市,620800,8330,1,2019/04/11,loadByCsv
8b9317e5-8654-433a-0dfa-d25916b4c566,甘肃省,庆阳市,621000,8340,1,2019/04/11,loadByCsv
d3ab485c-45ce-c150-0db9-bdb182e1ff98,甘肃省,临夏回族自治州,622900,8360,1,2019/04/11,loadByCsv
e618925f-129c-cc0d-d9f2-34bef683403c,甘肃省,甘南藏族自治州,623000,8380,1,2019/04/11,loadByCsv
349e1fe2-0d2a-c430-9f69-7932c755f0aa,青海省,西宁市,630100,8510,1,2019/04/11,loadByCsv
7d62c66a-a4fc-2678-2c0a-5132f79bce24,青海省,海东地区,null,8520,1,2019/04/11,loadByCsv
7163f1f7-271a-b156-9f74-43bab3dda3f2,青海省,海北藏族自治州,632200,8540,1,2019/04/11,loadByCsv
638acb7f-8a49-9928-c63f-ed9f8bcb4b81,青海省,黄南藏族自治州,632300,8550,1,2019/04/11,loadByCsv
f15c46fe-af7a-52c2-29e2-2ca0bf21dcb6,青海省,海南藏族自治州,632500,8560,1,2019/04/11,loadByCsv
53473d09-4ffe-896d-c737-8dc28b9f8ff6,青海省,果洛藏族自治州,632600,8570,1,2019/04/11,loadByCsv
964c8a58-2c36-6664-3591-8ec6239fb34d,青海省,玉树藏族自治州,632700,8580,1,2019/04/11,loadByCsv
e68e1e93-0d03-28ad-9c4b-fcf782356f4d,青海省,海西蒙古族藏族自治州,632800,8590,1,2019/04/11,loadByCsv
a69070c6-8dac-6380-f1bf-d56478276bc0,宁夏,银川市,640100,8710,1,2019/04/11,loadByCsv
9e240231-e06c-012d-c104-821e95845a50,宁夏,石嘴山市,640200,8720,1,2019/04/11,loadByCsv
4a76d2f3-6d67-8221-c557-8a38831a06c3,宁夏,吴忠市,640300,8731,1,2019/04/11,loadByCsv
738f3e18-3ac5-3f3c-1734-24e3b9bc87d3,宁夏,中卫市,640500,8733,1,2019/04/11,loadByCsv
8e2673a0-b32c-773c-c96e-a7b030aab05e,宁夏,固原市,640400,8741,1,2019/04/11,loadByCsv
9fbdd261-cfb7-b153-e1f0-1e7d1e14ed80,新疆,乌鲁木齐市,650100,8810,1,2019/04/11,loadByCsv
1ef51e21-8aa6-b163-809d-3a636eb93280,新疆,克拉玛依市,650200,8820,1,2019/04/11,loadByCsv
883ba9fd-7827-ca0d-bc1b-6d026f48148d,新疆,吐鲁番地区,null,8830,1,2019/04/11,loadByCsv
9e4447b0-70ae-9bd9-8e2f-8ecd1725c00b,新疆,哈密地区,null,8840,1,2019/04/11,loadByCsv
18c01387-9a81-e3c4-2dc3-498cb0e12906,新疆,昌吉回族自治州,652300,8850,1,2019/04/11,loadByCsv
e1560318-93d8-a6ed-61dd-ec754e1a3911,新疆,博尔塔拉蒙古自治州,652700,8870,1,2019/04/11,loadByCsv
b4a2c5f5-75ec-ef38-5592-18e989217598,新疆,巴音郭楞蒙古自治州,652800,8880,1,2019/04/11,loadByCsv
1c9a6d50-d89c-70e9-7819-ad409ff83626,新疆,阿克苏地区,652900,8910,1,2019/04/11,loadByCsv
4cc6c381-5005-4726-ef5e-25f4fd987510,新疆,克孜勒苏柯尔克孜自治州,653000,8930,1,2019/04/11,loadByCsv
a919c64c-bf20-ca5a-3bb6-a7455d246d2a,新疆,喀什地区,653100,8940,1,2019/04/11,loadByCsv
de84ff04-65e9-22bd-d094-70f4a9eedc7e,新疆,和田地区,653200,8960,1,2019/04/11,loadByCsv
341c9dd9-31bd-efe0-a8e0-c5d03370628b,新疆,伊犁哈萨克自治州,654000,8980,1,2019/04/11,loadByCsv
5aa68fd2-5c16-e582-b6c5-f8dbc0abcf1d,新疆,塔城地区,654200,9010,1,2019/04/11,loadByCsv
b88c93c5-fc33-bfd8-4319-160eac9acc80,新疆,阿勒泰地区,654300,9020,1,2019/04/11,loadByCsv
28f223e6-b8fc-f7c5-c1ad-c01909320dd1,新疆,石河子市,659001,9204,1,2019/04/11,loadByCsv
1b6ee4e1-e78f-3a60-e399-91230bbb96b1,新疆,阿拉尔市,659002,9205,1,2019/04/11,loadByCsv
5d07485d-c60d-e1fc-6809-28fba22b1381,新疆,图木舒克市,659003,9206,1,2019/04/11,loadByCsv
5fff7028-e61f-e7ea-bea1-627724dccea7,新疆,五家渠市,659004,9207,1,2019/04/11,loadByCsv
674670b0-376a-8f96-33cf-d4bf9b16761a,蓟　县,,null,9351,1,2019/04/11,loadByCsv
